b787#1808,AAECAf0GBvIF2wbCzgKX0wLY5wLN9AIMigH7BrYH4Qf7B40I58sC8dAC/dACiNIC2OUC6uYCAA==,AAECAaoICt4F88IC08UCnccCyccCnOICq+cCw+oCp+4C7/cCCoEE9QT+BfsMl8ECx8EC68ICm8sC8+cC7/ECAA==,AAECAaIHArICrwQOtAGMAs0DvQSbBYgHpAfdCIYJgcIC68IC3NEC2+MCpu8CAA==,AAECAZICBq8EyssCws4CmdMCnOIC0OcCDLQF8gWXwQKfwgLrwgKbywKHzgKR0ALR4QL55gLX6wKL7gIA
okitsu#11932,AAECAf0GBvjQApfTAovhAtjnAtvpApz4AgyKAdsGtgfMCJvCAufLAvfNAvLQAojSAtjlAurmAujnAgA=,AAECAZICClb+AbQDkwTFBO0Fws4CmdMCiOgCm+gCCkBf0wPEBuQIoM0Ch84CmNICntICv/ICAA==,AAECAf0EAr8IotMCDnG7ApUDqwS0BOYElgXsBcHBApjEAo/TAr7sAvvsAu/xAgA=,AAECAaIHArICrwQOtAGMAs0DvQSbBYgHpAfdCIYJgcIC68IC3NEC2+MCpu8CAA==
okasinnsuke#1294,AAECAcn1AgaKAZfTAurmAtvpArfxApz4Agz3BLYH4QebwgLnywLy0AL40AKI0gKL4QLY5QL85QLo5wIA,AAECAf0EBKsE7QW/CKLTAg1xuwKVA7QE5gSWBewFlgbBwQKYxAKP0wL77ALv8QIA,AAECAZICBqQD8gXCzgKZ0wKc4gLQ5wIM3gWXwQKfwgLrwgKbywLKywKHzgKR0ALR4QL55gLX6wKL7gIA,AAECAaoICPPCAp3HAsnHApziAqvnAsPqAqfuAu/3AguBBPUE/gX7DJfBAsfBAuvCAsrDApvLAvPnAu/xAgA=
clownJP#1408,AAECAaIHArICrwQOtAGMAs0DvQSbBYgHpAfdCIYJgcIC68IC3NEC2+MCpu8CAA==,AAECAf0EApYGotMCDnG7ApUDqwS0BOYElgXsBcHBApjEAo/TAr7sAvvsAu/xAgA=,AAECAR8EhwSGwwLp0gKG0wINjQGoArUDyQTtBpcI2wn+DN3SAt/SAuPSAuHjAurjAgA=,AAECAZICBMQGlNICmdMC29MCDUBf/QL3A+YFhQjkCKDNAofOApjSAp7SAoTmAtfvAgA=
okaron#1256,AAECAbSKAwbKwwLCzgKv0wLm0wLx6gLd6wIMQF/pAeQIyccClNICmNICntICi+EChOYCjfACv/ICAA==,AAECAa0GCMUEigeQB9MK1gqQ0wKJ8QLo+QILoQTlBPYHjQjyDPsM0cECyccC6NACy+YCvfMCAA==,AAECAaToAgbFA/IFrwe5wQKDxwLR4QIM2wOnBacIsQizwQKdwgKxwgK4xwLjywL40gLW5QLeggMA,AAECAY0WApYGotMCDnG7ApUDqwS0BOYElgXsBcHBApjEAo/TAr7sAvvsAu/xAgA=
Muramatsu#1804,AAECAf0ECtAC7Af7DNPFAs/HAqDOAsLOApvTAqPrAr7sAgpNyQObwgKWxwLV4QLX4QKW5ALq5gK38QLF8wIA,AAECAf0GBIoHws4Cl9MCzfQCDYoB8gX7BrYH4Qf7B40I58sC8dAC/dACiNIC2OUC6uYCAA==,AAECAQcGkQb7DNPDAtPFAsLOAsrnAgxL/weyCJvCAsrDAsnHApvLAszNAs/nAqrsApvzAsXzAgA=,AAECAZICCMrDAsLOAq/TAovhAvHqAt3rAr/yAsXzAgtAX+kBxAbkCMnHApTSApjSAp7SAoTmAo3wAgA=
ふぁんだむ#1370,AAECAZICBpAHysMCh84Cws4Cr9MCxfMCDEBf6QHkCMnHApTSApjSAp7SAovhAoTmAo3wAr/yAgA=,AAECAQcKogKqBpAH0cMC08MCuuwCze8C5e8CnfACnvgCCkuiBPwE/wf7DJvCAsrDAqLHAsrnAqrsAgA=,AAECAf0ECNACxQSgzgLCzgKb0wKj6wK+7AKm8AILTYoByQPsB5vCAsrDApbHAtXhAtfhApbkArfxAgA=,AAECAYoWAunSAobTAg6NAagCtQOHBMkE7QaXCNsJ/gzd0gLf0gLj0gLh4wLq4wIA
horo#1775,AAECAQcC+wzTwwIOS5EG/weyCJvCAr7DAsrDAsnHApvLAszNAs/nAqrsApvzAsXzAgA=,AAECAaoICCCZAvPCAsLOAqvnAvbsAqfuAs30Agu9AdMB2QfwB7EIkcECrMICm8sClugClO8CsPACAA==,AAECAf0GBO0Fws4Cl9MCzfQCDYoB8gX7BrYH4Qf7B40I58sC8dAC/dACiNIC2OUC6uYCAA==,AAECAZICAv4BmdMCDkBf/QL3A+YFxAaFCOQIoM0Ch84CmNICntIChOYC1+8CAA==
atyamasu#1254,AAECAbSKAwTEBpTSApnTAtvTAg1AX/0C9wPmBYUI5AigzQKHzgKY0gKe0gKE5gLX7wIA,AAECAfe5AgQg8gXCzgLN9AINvQHTAdkH8AexCJHBAqzCApvLAqbOApboApTvArDwAvbwAgA=,AAECAR8C6dIChtMCDo0BqAK1A4cEyQTtBpcI2wn+DN3SAt/SAuPSAuHjAurjAgA=,AAECAZ8FAqcFnvgCDkbxBfUF+QqbwgLrwgKDxwK4xwLjywKVzgL70wLR4QLW5QK15gIA
カメラリバース#1795,AAECAf0GBvIF2wbCzgKX0wLY5wLN9AIMigH7BrYH4Qf7B40I58sC8dAC/dACiNIC2OUC6uYCAA==,AAECAbSKAwTEBpTSApnTAtvTAg1AX/0C9wPmBYUI5AigzQKHzgKY0gKe0gKE5gLX7wIA,AAECAR8EyQTp0gKG0wLc7gINjQGoArUDhwTtBpcI2wn+DN3SAt/SAuPSAuHjAurjAgA=,AAECAaoICt4F88IC08UCnccCyccCnOICq+cCw+oCp+4C7/cCCoEE9QT+BfsMl8ECx8EC68ICm8sC8+cC7/ECAA==
NAGON#1609,AAECAf0GBIoHl9MC2OcCzfQCDYoB8gX7BrYH4Qf7B40I58sC8dAC/dACiNIC2OUC6uYCAA==,AAECAa0GCgjFBO0F0wqWxALTxQKJzQLo0AKQ0wLD6gIK+wHRwQLVwQLJxwLHywLwzwKp4gLL5gLq5gLF8wIA,AAECAQcE/ATTwwLTxQKf0wINS5EG/weyCPsMm8ICvsMCysMCm8sCzM0Cz+cCquwCm/MCAA==,AAECAf0ECNACxQSgzgLCzgKb0wKj6wK+7AKm8AILTYoByQPsB5vCAsrDApbHAtXhAtfhApbkArfxAgA=
マイマイ#1495,AAECAZ8FBroE8QWbwgKvwgKVzgKe+AIMRqcF9QWfwgKDxwK4xwLjywL70wLR4QKL5QLW5QK15gIA,AAECAaoICN4F08UCnOICq+cCw+oCp+4CnvAC7/cCC/kDgQT1BP4Fsgb7DJfBAsfBApvLAvPnAu/xAgA=,AAECAZICBOkBlNICmdMC29MCDUBf/QL3A+YFhQjkCKDNAofOApjSAp7SAoTmAtfvAgA=,AAECAR8E7Qbp0gKG0wLc7gINjQGoArUDhwTJBJcI2wn+DN3SAt/SAuPSAuHjAurjAgA=
lyndis#1243,AAECAQcMogLQApMEkAf5DNHDAtPFAqLHAs/HAsvsAs3vAp74AglLkQOiBPwE/webwgLK5wK67AKd8AIA,AAECAZICBpAHysMCh84Cws4Cr9MCxfMCDEBf6QHkCMnHApTSApjSAp7SAovhAoTmAo3wAr/yAgA=,AAECAf0GBooH+wfCzgKX0wLY5wLN9AIMigHyBfsGtgfhB40I58sC8dAC/dACiNIC2OUC6uYCAA==,AAECAc2xAgjQAsUEoM4Cws4Cm9MCo+sCvuwCpvACC02KAckD7AebwgLKwwKWxwLV4QLX4QKW5AK38QIA
GundamFlame#1892,AAECAZICBpAHysMCh84Cws4Cr9MCxfMCDEBf6QHkCMnHApTSApjSAp7SAovhAoTmAo3wAr/yAgA=,AAECAaIHArICrwQOtAGMAs0DvQSbBYgHpAfdCIYJgcIC68IC3NEC2+MCpu8CAA==,AAECAf0GBsnCApfTAp3iAurmAtjnAtvpAgyKAZME9wS2B+EH58sC8tAC+NACiNICi+EC/OUC6OcCAA==,AAECAfe5AgYgmQKKB8LOAqfuAs30Agy9AdMB/gXZB/AHsQiRwQKbywKW6AL27AKU7wKw8AIA
Jako1910#1850,AAECAf0EBtACxQT7DKDOApvTAvLTAgxNigHJA+wHm8ICysMClscC1eEC1+ECluQCt/ECxfMCAA==,AAECAf0GCJMExAjJwgLKwwKX0wLY5wLb6QKc+AILigH3BLYH4QfnywLy0AL40AKI0gKL4QL85QLo5wIA,AAECAfe5AgYgigfAB8LOAqfuAs30Agy9AdMBmQL7Bf4F2QfwB7EIkcEClugC9uwClO8CAA==,AAECAZICBOYFxAaU0gKZ0wINQF/9AvcDhQjkCKDNAofOApjSAp7SAtvTAoTmAtfvAgA=
YamaYamara#1616,AAECAZICBMQGlNICmdMC29MCDUBf/QL3A+YFhQjkCKDNAofOApjSAp7SAoTmAtfvAgA=,AAECAf0GBPIFigeX0wLN9AINigH7BrYH4Qf7B40IyccC58sC8dAC/dACiNIC2OUC6uYCAA==,AAECAf0ECk2iAtACxQTTxQKgzgLCzgKb0wKj6wKm8AIKigHJA+wHm8ICysMClscC1eEC1+ECluQCt/ECAA==,AAECAQcK/ASyCL7DAtPDAtPFAsnHAp/TAvHTAsrnAsXzAgpLkQb/B/sMm8ICysMCzM0Cz+cCquwCm/MCAA==
mattun#1837,AAECAZICBCSgzQKZ0wLb0wINQF/9AvcD5gWFCOQIh84CmNICntIChOYC+eYC1+8CAA==,AAECAQcGkQb7DL7DAtPDAsLOAsrnAgxL/weyCJvCAsrDAsnHApvLAszNAs/nAqrsApvzAsXzAgA=,AAECAf0GCO0F8gX7BsLOApfTAtjlAtjnAs30AguKAbYH4Qf7B40I58sCos0C8dAC/dACiNIC6uYCAA==,AAECAR8G8gX4COvCAobTArbqAoDzAgzHA8kElwj+DMbCApzNAt3SAt/SAuPSAtHTAovhAvLxAgA=
たにみつ#1208,AAECAf0ECNACxQSgzgLCzgKb0wKj6wK+7AKm8AILTYoByQPsB5vCAsrDApbHAtXhAtfhApbkArfxAgA=,AAECAf0GCMwIycIC+NACl9MCi+EC2OcC2+kCnPgCC4oB2wa2B5vCAufLAvfNAvLQAojSAtjlAurmAujnAgA=,AAECAQcI0AKqBvkM0cMC08UCz8cCze8CnvgCC0uiApEDogT8BP8Hm8ICoscCyucCuuwCnfACAA==,AAECAa0GCJACxQSKB9UK1gr7DKDOApDTAguhBOUE9geNCPIM0cECyccC6NACy+YC/OoCvfMCAA==
ユウキ・テルミ#1789,AAECAf0ECNACxQSbywLCzgKb0wLy0wLq5gLD6gILTYoByQPsB5vCApbHAtfhApbkAqbwArfxAsXzAgA=,AAECAZICBMQGlNICmdMC29MCDUBf/QL3A+YFhQjkCKDNAofOApjSAp7SAoTmAtfvAgA=,AAECAf0GBIoHws4Cl9MCzfQCDYoB8gX7BrYH4Qf7B40I58sC8dAC/dACiNIC2OUC6uYCAA==,AAECAa0GBsUE7QWWxAKJzQKQ0wLD6gIM+wHyDNXBAsnHAsfLAvDPAujQAqniAsvmAurmAp/rAsXzAgA=
kusunoki#1958,AAECAR8GhwTtBobDAunSAobTAtzuAgyNAagCtQPJBJcI2wn+DN3SAt/SAuPSAuHjAurjAgA=,AAECAa0GBsUEkAfTCtYKic0CkNMCDKEE5QT2B40I1QryDPsM0cECyccC6NACy+YCvfMCAA==,AAECAQcEogTTwwLTxQKf0wINS5EG/weyCPsMm8ICvsMCysMCm8sCzM0Cz+cCquwCm/MCAA==,AAECAf0GCqICigfMCPjQApfTAvzlAurmAtjnAtvpApz4AgqKAdsGtgebwgLnywL3zQLy0AKI0gLY5QLo5wIA
Tredsred#1762,AAECAf0GBO0Fws4Cl9MCzfQCDYoB8gX7BrYH4Qf7B40I58sC8dAC/dACiNIC2OUC6uYCAA==,AAECAaoICCCZAvPCAsLOAqvnAvbsAqfuAs30Agu9AdMB2QfwB7EIkcECrMICm8sClugClO8CsPACAA==,AAECAQcC08MCn9MCDkuRBv8HsgibwgK+wwLKwwLJxwKbywLMzQLP5wKq7AKb8wLF8wIA,AAECAZICAv4BmdMCDkBf/QL3A+YFxAaFCOQIoM0Ch84CmNICntIChOYC1+8CAA==
niriku#1407,AAECAa0GCO0F0wqWxALHywKJzQKQ0wLD6gLo+QIL+wHRwQLVwQLJxwLwzwLo0AKp4gLL5gLq5gKf6wLF8wIA,AAECAZICApnTAvnmAg5AX9MB/QLmBdUI5AigzQKHzgKY0gKe0gLb0wKE5gLX7wIA,AAECAQcE/ATTwwLTxQKf0wINS5EG/weyCPsMm8ICvsMCysMCm8sCzM0Cz+cCquwCm/MCAA==,AAECAf0GCKIC2waKB8wIl9MC2OcCt/ECnPgCC4oBtgfECJvCAufLAvLQAvjQAojSAvzlAurmAujnAgA=
phenone#1305,AAECAcn1AgbyBYoHxAjCzgKX0wLY5wIMigG2B+EHjQjnywLy0AL40AKI0gLY5QL85QLq5gLo5wIA,AAECAa0GBsUEpQnVCtPFAqDOApDTAgyhBOUE9geNCPIM+wzRwQLJxwLo0ALL5gL86gK98wIA,AAECAQcGkQb7DNPDAtPFAsLOAsrnAgxL/weyCJvCAsrDAsnHApvLAszNAs/nAqrsApvzAsXzAgA=,AAECAaToAgLxBZ74Ag5GpwX1BfkKm8IC68ICg8cCuMcC48sClc4C+9MC0eEC1uUCteYCAA==
lynx#1835,AAECAR8E7QaGwwLp0gKG0wINjQGoArUDhwTJBJcI2wn+DN3SAt/SAuPSAuHjAurjAgA=,AAECAZICBPcDlNICmdMC29MCDUBf/QLmBcQGhQjkCKDNAofOApjSAp7SAoTmAtfvAgA=,AAECAaoIDCDTAZkC/gWKB7EI88ICws4Cq+cC9uwCp+4CzfQCCb0B2QfwB5HBAqzCApvLApboApTvArDwAgA=,AAECAf0GCPIF+waKB8wIws4Cl9MC2OcCzfQCC4oBtgfhB/sHjQjnywLx0AL90AKI0gLY5QLq5gIA
Jimon#1473,AAECAf0EApYGotMCDnG7ApUDqwS0BOYElgXsBcHBApjEAo/TAr7sAvvsAu/xAgA=,AAECAYO6AgKvBJ74Ag6MAssD1AX1Bd0Il8ECgcICn8IC68ICysMCyssC0eECpu8Cx/gCAA==,AAECAf0GBIoHl9MC2OcCzfQCDYoB8gX7BrYH4Qf7B40I58sC8dAC/dACiNIC2OUC6uYCAA==,AAECAZ8FBK8E8QWDxwKe+AINRvUF+QqbwgLrwgK4xwLYxwLjywKVzgL70wLR4QLW5QK15gIA
BrightHammer#15741,AAECAaIHBpsFhsICgNMCz+EC2+MCw+oCDMQBnALtAp8DiAXUBYYJl8EC/MEC68ICxscC9uwCAA==,AAECAf0GCvIFigfMCMnCAqDOAvjQApfTAtjnAtvpApz4AgqKAdsGtgebwgLnywL3zQLy0AKI0gLY5QLo5wIA,AAECAa0GCsUEkAfTCtYK+wzKwwKJzQKgzgKQ0wKJ8QIKoQTlBPYHjQjyDNHBAsnHAujQAsvmAr3zAgA=,AAECAQcK0gKyCKIJhs0Cjs4Cws4Cn9MCyucC/ecC6uoCCkuiBJEG/we5wwLMzQL2zwLx0wLq5wKb8wIA
